id,question,answer,due_date,num,active
0,sound/1.mp3,image/1.png,2020-10-17 20:34:06.197525,1,True
1,sound/2.mp3,image/2.png,2020-10-17 20:34:06.198056,1,True
2,sound/3.mp3,image/3.png,2020-10-17 20:34:06.198081,1,True
3,sound/4.mp3,image/4.png,2020-10-17 20:34:06.198098,1,True
4,sound/5.mp3,image/5.png,2020-10-17 20:34:06.198116,1,True
5,sound/6.mp3,image/6.png,2020-10-17 20:34:06.198132,1,True
6,sound/7.mp3,image/7.png,2020-10-17 20:34:06.198149,1,True
7,sound/8.mp3,image/8.png,2020-10-17 20:34:06.198165,1,True
8,sound/9.mp3,image/9.png,2020-10-17 20:34:06.198182,1,True
9,sound/10.mp3,image/10.png,2020-10-17 20:34:06.198198,1,True
10,sound/11.mp3,image/11.png,2020-10-17 20:34:06.198213,1,True
11,sound/12.mp3,image/12.png,2020-10-17 20:34:06.198226,1,True
12,sound/13.mp3,image/13.png,2020-10-17 08:10:15.302093,0,False
13,sound/14.mp3,image/14.png,2020-10-17 08:10:15.302093,0,False
14,sound/15.mp3,image/15.png,2020-10-17 08:10:15.302093,0,False
15,sound/16.mp3,image/16.png,2020-10-17 08:10:15.302093,0,False
16,sound/17.mp3,image/17.png,2020-10-17 08:10:15.302093,0,False
17,sound/18.mp3,image/18.png,2020-10-17 08:10:15.302093,0,False
18,sound/19.mp3,image/19.png,2020-10-17 08:10:15.302093,0,False
19,sound/20.mp3,image/20.png,2020-10-17 08:10:15.302093,0,False
20,sound/21.mp3,image/21.png,2020-10-17 08:10:15.302093,0,False
21,sound/22.mp3,image/22.png,2020-10-17 08:10:15.302093,0,False
22,sound/23.mp3,image/23.png,2020-10-17 08:10:15.302093,0,False
23,sound/24.mp3,image/24.png,2020-10-17 08:10:15.302093,0,False
24,sound/25.mp3,image/25.png,2020-10-17 08:10:15.302093,0,False
25,sound/26.mp3,image/26.png,2020-10-17 08:10:15.302093,0,False
26,sound/27.mp3,image/27.png,2020-10-17 08:10:15.302093,0,False
27,sound/28.mp3,image/28.png,2020-10-17 08:10:15.302093,0,False
28,sound/29.mp3,image/29.png,2020-10-17 08:10:15.302093,0,False
29,sound/30.mp3,image/30.png,2020-10-17 08:10:15.302093,0,False
30,sound/31.mp3,image/31.png,2020-10-17 08:10:15.302093,0,False
31,sound/32.mp3,image/32.png,2020-10-17 08:10:15.302093,0,False
32,sound/33.mp3,image/33.png,2020-10-17 08:10:15.302093,0,False
33,sound/34.mp3,image/34.png,2020-10-17 08:10:15.302093,0,False
34,sound/35.mp3,image/35.png,2020-10-17 08:10:15.302093,0,False
35,sound/36.mp3,image/36.png,2020-10-17 08:10:15.302093,0,False
36,sound/37.mp3,image/37.png,2020-10-17 08:10:15.302093,0,False
37,sound/38.mp3,image/38.png,2020-10-17 08:10:15.302093,0,False
38,sound/39.mp3,image/39.png,2020-10-17 08:10:15.302093,0,False
39,sound/40.mp3,image/40.png,2020-10-17 08:10:15.302093,0,False
40,sound/41.mp3,image/41.png,2020-10-17 08:10:15.302093,0,False
41,sound/42.mp3,image/42.png,2020-10-17 08:10:15.302093,0,False
42,sound/43.mp3,image/43.png,2020-10-17 08:10:15.302093,0,False
43,sound/44.mp3,image/44.png,2020-10-17 08:10:15.302093,0,False
44,sound/45.mp3,image/45.png,2020-10-17 08:10:15.302093,0,False
45,sound/46.mp3,image/46.png,2020-10-17 08:10:15.302093,0,False
46,sound/47.mp3,image/47.png,2020-10-17 08:10:15.302093,0,False
47,sound/48.mp3,image/48.png,2020-10-17 08:10:15.302093,0,False
48,sound/49.mp3,image/49.png,2020-10-17 08:10:15.302093,0,False
49,sound/50.mp3,image/50.png,2020-10-17 08:10:15.302093,0,False
50,sound/51.mp3,image/51.png,2020-10-17 08:10:15.302093,0,False
